id_usuario,nome
1,Usuário 1
2,Usuário 2
3,Usuário 3
4,Usuário 4
5,Usuário 5
6,Usuário 6
7,Usuário 7
8,Usuário 8
9,Usuário 9
10,Usuário 10
11,Usuário 11
12,Usuário 12
13,Usuário 13
14,Usuário 14
15,Usuário 15
16,Usuário 16
17,Usuário 17
18,Usuário 18
19,Usuário 19
20,Usuário 20
21,Usuário 21
22,Usuário 22
23,Usuário 23
24,Usuário 24
25,Usuário 25
26,Usuário 26
27,Usuário 27
28,Usuário 28
29,Usuário 29
30,Usuário 30
31,Usuário 31
32,Usuário 32
33,Usuário 33
34,Usuário 34
35,Usuário 35
36,Usuário 36
37,Usuário 37
38,Usuário 38
39,Usuário 39
40,Usuário 40
41,Usuário 41
42,Usuário 42
43,Usuário 43
44,Usuário 44
45,Usuário 45
46,Usuário 46
47,Usuário 47
48,Usuário 48
49,Usuário 49
50,Usuário 50
